group,name,hidden,n_hidden,activation,optimizer,lr,batch_size,weight_decay,dropout,epochs,noise,n_train,label_noise,zero_grad,params,param_size_mb,train_time_s,ms_per_epoch,ram_delta_mb,ram_current_mb,ram_peak_mb,gpu_peak_mb,threads,device,final_train_loss,final_train_acc,final_val_loss,final_val_acc,best_val_acc,best_val_epoch,test_loss,test_acc,train_eval_loss,train_eval_acc,generalization_gap,test_accuracy,test_balanced_accuracy,test_precision_0,test_recall_0,test_f1_0,test_precision_1,test_recall_1,test_f1_1,test_macro_f1,test_roc_auc,test_tn,test_fp,test_fn,test_tp
activation,relu (base),64,2,relu,adam,0.01,64,0.0,0.0,200,0.2,,0.0,True,4482,0.01709747314453125,2.0361283998936415,10.180641999468207,-43.5390625,511.62890625,672.01171875,-1.0,16,cpu,0.06675604363282521,0.9711111111111111,0.08377529680728912,0.9633333086967468,0.9733333587646484,158,0.07687553763389587,0.9833333492279053,0.06388404220342636,0.9722222089767456,-0.011111140251159668,0.9833333333333333,0.9833333333333334,0.9865771812080537,0.98,0.9832775919732442,0.9801324503311258,0.9866666666666667,0.9833887043189369,0.9833331481460905,0.9954666666666666,147,3,2,148
activation,tanh,64,2,tanh,adam,0.01,64,0.0,0.0,200,0.2,,0.0,True,4482,0.01709747314453125,1.764723600121215,8.823618000606075,0.140625,511.76953125,672.01171875,-1.0,16,cpu,0.055549348990122475,0.9744444444444444,0.131360724568367,0.95333331823349,0.9733333587646484,32,0.07183356583118439,0.9633333086967468,0.05739837512373924,0.9766666889190674,0.013333380222320557,0.9633333333333334,0.9633333333333334,0.9602649006622517,0.9666666666666667,0.9634551495016611,0.9664429530201343,0.96,0.9632107023411371,0.9633329259213992,0.9967555555555555,145,5,6,144
activation,gelu,64,2,gelu,adam,0.01,64,0.0,0.0,200,0.2,,0.0,True,4482,0.01709747314453125,2.161302500171587,10.806512500857934,0.984375,512.75390625,672.01171875,-1.0,16,cpu,0.07078404227892558,0.97,0.1058046817779541,0.9566666483879089,0.9800000190734863,4,0.0716901570558548,0.9833333492279053,0.06709720194339752,0.9722222089767456,-0.011111140251159668,0.9833333333333333,0.9833333333333334,0.9865771812080537,0.98,0.9832775919732442,0.9801324503311258,0.9866666666666667,0.9833887043189369,0.9833331481460905,0.9964,147,3,2,148
activation,sigmoid,64,2,sigmoid,adam,0.01,64,0.0,0.0,200,0.2,,0.0,True,4482,0.01709747314453125,1.703670799965039,8.518353999825194,0.11328125,512.8671875,672.01171875,-1.0,16,cpu,0.08577902942895889,0.9655555555555555,0.08827397972345352,0.9700000286102295,0.9733333587646484,73,0.051802169531583786,0.9900000095367432,0.08274572342634201,0.9688888788223267,-0.021111130714416504,0.99,0.99,0.9867549668874173,0.9933333333333333,0.9900332225913622,0.9932885906040269,0.9866666666666667,0.9899665551839465,0.9899998888876543,0.9975999999999999,149,1,2,148
activation_deep,d4+relu,64,4,relu,adam,0.01,64,0.0,0.0,200,0.2,,0.0,True,12802,0.04883575439453125,3.485031000105664,17.42515500052832,0.3515625,399.7109375,399.7109375,-1.0,16,cpu,0.06296582801474465,0.9755555555555555,0.1114959716796875,0.9566666483879089,0.9766666889190674,193,0.07808656245470047,0.9800000190734863,0.06129094585776329,0.9722222089767456,-0.007777810096740723,0.98,0.98,0.9864864864864865,0.9733333333333334,0.9798657718120806,0.9736842105263158,0.9866666666666667,0.9801324503311258,0.9799991110716032,0.9963555555555557,146,4,2,148
activation_deep,d4+tanh,64,4,tanh,adam,0.01,64,0.0,0.0,200,0.2,,0.0,True,12802,0.04883575439453125,2.8534059999510646,14.267029999755323,0.5234375,400.421875,400.421875,-1.0,16,cpu,0.09575031081007587,0.9633333333333334,0.10022880136966705,0.9700000286102295,0.9766666889190674,165,0.05139199644327164,0.9866666793823242,0.07614660263061523,0.9700000286102295,-0.016666650772094727,0.9866666666666667,0.9866666666666667,0.9866666666666667,0.9866666666666667,0.9866666666666667,0.9866666666666667,0.9866666666666667,0.9866666666666667,0.9866666666666667,0.998,148,2,2,148
activation_deep,d4+gelu,64,4,gelu,adam,0.01,64,0.0,0.0,200,0.2,,0.0,True,12802,0.04883575439453125,3.69324960000813,18.46624800004065,1.06640625,401.5234375,401.5234375,-1.0,16,cpu,0.06126241147518158,0.9722222222222222,0.14924481511116028,0.9766666889190674,0.9766666889190674,46,0.056449297815561295,0.9800000190734863,0.06055699661374092,0.9688888788223267,-0.011111140251159668,0.98,0.98,0.98,0.98,0.98,0.98,0.98,0.98,0.98,0.9976888888888888,147,3,3,147
activation_deep,d4+sigmoid,64,4,sigmoid,adam,0.01,64,0.0,0.0,200,0.2,,0.0,True,12802,0.04883575439453125,2.7254017000086606,13.627008500043303,0.4453125,402.0,402.0,-1.0,16,cpu,0.08051825808154212,0.9677777777777777,0.09145357459783554,0.9666666388511658,0.9766666889190674,111,0.06261764466762543,0.9866666793823242,0.07747100293636322,0.9677777886390686,-0.018888890743255615,0.9866666666666667,0.9866666666666666,0.9802631578947368,0.9933333333333333,0.9867549668874173,0.9932432432432432,0.98,0.9865771812080537,0.9866660740477355,0.9968888888888888,149,1,3,147
batch,bs=16,64,2,relu,adam,0.01,16,0.0,0.0,200,0.2,,0.0,True,4482,0.01709747314453125,7.543872599955648,37.71936299977824,0.03515625,544.31640625,672.01171875,-1.0,16,cpu,0.07217469915333721,0.9711111111111111,0.1133904904127121,0.9566666483879089,0.9766666889190674,153,0.0790453851222992,0.9766666889190674,0.06321841478347778,0.9733333587646484,-0.0033333301544189453,0.9766666666666667,0.9766666666666667,0.9673202614379085,0.9866666666666667,0.976897689768977,0.9863945578231292,0.9666666666666667,0.9764309764309764,0.9766643330999767,0.9962000000000001,148,2,5,145
batch,bs=64 (base),64,2,relu,adam,0.01,64,0.0,0.0,200,0.2,,0.0,True,4482,0.01709747314453125,2.1422826999332756,10.711413499666378,-0.0234375,544.3125,672.01171875,-1.0,16,cpu,0.06675604363282521,0.9711111111111111,0.08377529680728912,0.9633333086967468,0.9733333587646484,158,0.07687553763389587,0.9833333492279053,0.06388404220342636,0.9722222089767456,-0.011111140251159668,0.9833333333333333,0.9833333333333334,0.9865771812080537,0.98,0.9832775919732442,0.9801324503311258,0.9866666666666667,0.9833887043189369,0.9833331481460905,0.9954666666666666,147,3,2,148
batch,bs=256,64,2,relu,adam,0.01,256,0.0,0.0,200,0.2,,0.0,True,4482,0.01709747314453125,0.5500588999129832,2.750294499564916,0.8359375,545.16015625,672.01171875,-1.0,16,cpu,0.0636060678296619,0.9733333333333334,0.10040632635354996,0.9599999785423279,0.9733333587646484,10,0.07721461355686188,0.9766666889190674,0.06132469326257706,0.9766666889190674,0.0,0.9766666666666667,0.9766666666666667,0.9798657718120806,0.9733333333333334,0.9765886287625418,0.9735099337748344,0.98,0.9767441860465116,0.9766664074045267,0.9949777777777778,146,4,3,147
batch,bs=900 (full),64,2,relu,adam,0.01,900,0.0,0.0,200,0.2,,0.0,True,4482,0.01709747314453125,0.20943379984237254,1.0471689992118627,0.99609375,546.17578125,672.01171875,-1.0,16,cpu,0.07002696394920349,0.97,0.08445735275745392,0.9700000286102295,0.9766666889190674,34,0.05992506071925163,0.9833333492279053,0.06996957212686539,0.9700000286102295,-0.013333320617675781,0.9833333333333333,0.9833333333333334,0.9801324503311258,0.9866666666666667,0.9833887043189369,0.9865771812080537,0.98,0.9832775919732442,0.9833331481460905,0.9966666666666666,148,2,3,147
depth,d1,64,1,relu,adam,0.01,64,0.0,0.0,200,0.2,,0.0,True,322,0.00122833251953125,1.498147799866274,7.49073899933137,-175.74609375,477.59765625,672.01171875,-1.0,16,cpu,0.078365587906705,0.9722222222222222,0.08868152648210526,0.9700000286102295,0.9766666889190674,15,0.06237729266285896,0.9800000190734863,0.07634942978620529,0.9700000286102295,-0.009999990463256836,0.98,0.98,0.98,0.98,0.98,0.98,0.98,0.98,0.98,0.9965777777777778,147,3,3,147
depth,d2 (base),64,2,relu,adam,0.01,64,0.0,0.0,200,0.2,,0.0,True,4482,0.01709747314453125,2.036195200169459,10.180976000847295,-0.19140625,477.41796875,672.01171875,-1.0,16,cpu,0.06675604363282521,0.9711111111111111,0.08377529680728912,0.9633333086967468,0.9733333587646484,158,0.07687553763389587,0.9833333492279053,0.06388404220342636,0.9722222089767456,-0.011111140251159668,0.9833333333333333,0.9833333333333334,0.9865771812080537,0.98,0.9832775919732442,0.9801324503311258,0.9866666666666667,0.9833887043189369,0.9833331481460905,0.9954666666666666,147,3,2,148
depth,d4,64,4,relu,adam,0.01,64,0.0,0.0,200,0.2,,0.0,True,12802,0.04883575439453125,2.9608723998535424,14.804361999267712,0.19921875,477.6328125,672.01171875,-1.0,16,cpu,0.06296582801474465,0.9755555555555555,0.1114959716796875,0.9566666483879089,0.9766666889190674,193,0.07808656245470047,0.9800000190734863,0.06129094585776329,0.9722222089767456,-0.007777810096740723,0.98,0.98,0.9864864864864865,0.9733333333333334,0.9798657718120806,0.9736842105263158,0.9866666666666667,0.9801324503311258,0.9799991110716032,0.9963555555555557,146,4,2,148
lr,lr=1e-4,64,2,relu,adam,0.0001,64,0.0,0.0,200,0.2,,0.0,True,4482,0.01709747314453125,1.8877340001054108,9.438670000527054,0.34765625,525.7265625,672.01171875,-1.0,16,cpu,0.09545607686042785,0.9633333333333334,0.09472069889307022,0.9700000286102295,0.9766666889190674,194,0.07306986302137375,0.9800000190734863,0.09524723142385483,0.9633333086967468,-0.016666710376739502,0.98,0.98,0.9736842105263158,0.9866666666666667,0.9801324503311258,0.9864864864864865,0.9733333333333334,0.9798657718120806,0.9799991110716032,0.9946222222222223,148,2,4,146
lr,lr=1e-3,64,2,relu,adam,0.001,64,0.0,0.0,200,0.2,,0.0,True,4482,0.01709747314453125,1.9932858999818563,9.966429499909282,-0.0703125,525.6640625,672.01171875,-1.0,16,cpu,0.07161196758349736,0.9722222222222222,0.08322327584028244,0.9633333086967468,0.9766666889190674,23,0.0611744187772274,0.9833333492279053,0.07097313553094864,0.9711111187934875,-0.012222230434417725,0.9833333333333333,0.9833333333333334,0.9865771812080537,0.98,0.9832775919732442,0.9801324503311258,0.9866666666666667,0.9833887043189369,0.9833331481460905,0.9961333333333334,147,3,2,148
lr,lr=1e-2 (base),64,2,relu,adam,0.01,64,0.0,0.0,200,0.2,,0.0,True,4482,0.01709747314453125,2.0118499998934567,10.059249999467283,-8.91796875,516.76171875,672.01171875,-1.0,16,cpu,0.06675604363282521,0.9711111111111111,0.08377529680728912,0.9633333086967468,0.9733333587646484,158,0.07687553763389587,0.9833333492279053,0.06388404220342636,0.9722222089767456,-0.011111140251159668,0.9833333333333333,0.9833333333333334,0.9865771812080537,0.98,0.9832775919732442,0.9801324503311258,0.9866666666666667,0.9833887043189369,0.9833331481460905,0.9954666666666666,147,3,2,148
lr,lr=1e-1,64,2,relu,adam,0.1,64,0.0,0.0,200,0.2,,0.0,True,4482,0.01709747314453125,2.3094744998961687,11.547372499480844,0.02734375,516.80859375,672.01171875,-1.0,16,cpu,0.13465931375821433,0.9422222222222222,0.12224659323692322,0.9200000166893005,0.9766666889190674,60,0.10610733181238174,0.9399999976158142,0.10742629319429398,0.9255555272102356,-0.014444470405578613,0.94,0.94,0.8928571428571429,1.0,0.9433962264150944,1.0,0.88,0.9361702127659575,0.9397832195905259,0.9920888888888889,150,0,18,132
noise,noise=0.00,64,2,relu,adam,0.01,64,0.0,0.0,200,0.0,,0.0,True,4482,0.01709747314453125,1.8286698998417705,9.143349499208853,0.01171875,559.21875,672.01171875,-1.0,16,cpu,3.3299091481037775e-07,1.0,3.778923769459652e-07,1.0,1.0,3,3.210699617284263e-07,1.0,3.306067526409606e-07,1.0,0.0,1.0,1.0,1.0,1.0,1.0,1.0,1.0,1.0,1.0,1.0,150,0,0,150
noise,noise=0.10,64,2,relu,adam,0.01,64,0.0,0.0,200,0.1,,0.0,True,4482,0.01709747314453125,1.9693207999225706,9.846603999612853,0.06640625,559.359375,672.01171875,-1.0,16,cpu,3.100101588223146e-05,1.0,0.0025996300391852856,0.996666669845581,1.0,4,0.026957781985402107,0.996666669845581,2.8505157388281077e-05,1.0,0.0033333301544189453,0.9966666666666667,0.9966666666666666,0.9933774834437086,1.0,0.9966777408637874,1.0,0.9933333333333333,0.9966555183946488,0.9966666296292181,1.0,150,0,1,149
noise,noise=0.20 (base),64,2,relu,adam,0.01,64,0.0,0.0,200,0.2,,0.0,True,4482,0.01709747314453125,2.0454266001470387,10.227133000735193,0.05078125,559.4140625,672.01171875,-1.0,16,cpu,0.06675604363282521,0.9711111111111111,0.08377529680728912,0.9633333086967468,0.9733333587646484,158,0.07687553763389587,0.9833333492279053,0.06388404220342636,0.9722222089767456,-0.011111140251159668,0.9833333333333333,0.9833333333333334,0.9865771812080537,0.98,0.9832775919732442,0.9801324503311258,0.9866666666666667,0.9833887043189369,0.9833331481460905,0.9954666666666666,147,3,2,148
noise,noise=0.35,64,2,relu,adam,0.01,64,0.0,0.0,200,0.35,,0.0,True,4482,0.01709747314453125,2.0885079000145197,10.442539500072598,0.0703125,559.80859375,672.01171875,-1.0,16,cpu,0.2452948530515035,0.8955555555555555,0.2826327383518219,0.8766666650772095,0.8966666460037231,26,0.2319210320711136,0.903333306312561,0.23703111708164215,0.8999999761581421,-0.0033333301544189453,0.9033333333333333,0.9033333333333333,0.9230769230769231,0.88,0.9010238907849829,0.8853503184713376,0.9266666666666666,0.9055374592833876,0.9032806750341853,0.9673777777777778,132,18,11,139
noise,noise=0.50,64,2,relu,adam,0.01,64,0.0,0.0,200,0.5,,0.0,True,4482,0.01709747314453125,2.184105500113219,10.920527500566095,0.12890625,559.99609375,672.01171875,-1.0,16,cpu,0.37418122159110173,0.83,0.3933870196342468,0.8199999928474426,0.8366666436195374,9,0.3751518428325653,0.8500000238418579,0.36735761165618896,0.8299999833106995,-0.020000040531158447,0.85,0.8500000000000001,0.8387096774193549,0.8666666666666667,0.8524590163934426,0.8620689655172413,0.8333333333333334,0.847457627118644,0.8499583217560434,0.9177333333333333,130,20,25,125
optimizer,sgd,64,2,relu,sgd,0.01,64,0.0,0.0,200,0.2,,0.0,True,4482,0.01709747314453125,1.0746953999623656,5.373476999811828,0.0234375,530.1953125,672.01171875,-1.0,16,cpu,0.14329245997799767,0.9511111111111111,0.14374291896820068,0.9399999976158142,0.9399999976158142,195,0.11214993894100189,0.9700000286102295,0.14256130158901215,0.949999988079071,-0.020000040531158447,0.97,0.97,0.9668874172185431,0.9733333333333334,0.9700996677740864,0.9731543624161074,0.9666666666666667,0.9698996655518395,0.9699996666629629,0.9929777777777777,146,4,5,145
optimizer,sgd+mom,64,2,relu,sgd_momentum,0.01,64,0.0,0.0,200,0.2,,0.0,True,4482,0.01709747314453125,1.3198591000400484,6.599295500200242,0.58984375,530.80078125,672.01171875,-1.0,16,cpu,0.07828063439991739,0.9711111111111111,0.08194871246814728,0.9700000286102295,0.9800000190734863,176,0.056370943784713745,0.9833333492279053,0.07677967846393585,0.9711111187934875,-0.012222230434417725,0.9833333333333333,0.9833333333333334,0.9801324503311258,0.9866666666666667,0.9833887043189369,0.9865771812080537,0.98,0.9832775919732442,0.9833331481460905,0.9967555555555556,148,2,3,147
optimizer,adam (base),64,2,relu,adam,0.01,64,0.0,0.0,200,0.2,,0.0,True,4482,0.01709747314453125,1.9568735999055207,9.784367999527603,0.05859375,530.875,672.01171875,-1.0,16,cpu,0.06675604363282521,0.9711111111111111,0.08377529680728912,0.9633333086967468,0.9733333587646484,158,0.07687553763389587,0.9833333492279053,0.06388404220342636,0.9722222089767456,-0.011111140251159668,0.9833333333333333,0.9833333333333334,0.9865771812080537,0.98,0.9832775919732442,0.9801324503311258,0.9866666666666667,0.9833887043189369,0.9833331481460905,0.9954666666666666,147,3,2,148
optimizer,rmsprop,64,2,relu,rmsprop,0.01,64,0.0,0.0,200,0.2,,0.0,True,4482,0.01709747314453125,1.5768075999803841,7.88403799990192,0.05078125,530.94140625,672.01171875,-1.0,16,cpu,0.06853818565607071,0.97,0.10652656853199005,0.95333331823349,0.9833333492279053,5,0.08258610218763351,0.9766666889190674,0.062213752418756485,0.9766666889190674,0.0,0.9766666666666667,0.9766666666666667,0.9735099337748344,0.98,0.9767441860465116,0.9798657718120806,0.9733333333333334,0.9765886287625418,0.9766664074045267,0.9950222222222223,147,3,4,146
width,w4,4,2,relu,adam,0.01,64,0.0,0.0,200,0.2,,0.0,True,42,0.00016021728515625,1.5073979999870062,7.536989999935031,-62.65625,477.30078125,547.22265625,-1.0,16,cpu,0.08517896706031429,0.9655555555555555,0.09366543591022491,0.9599999785423279,0.9666666388511658,18,0.06012884899973869,0.9800000190734863,0.08329134434461594,0.9655555486679077,-0.014444470405578613,0.98,0.98,0.9864864864864865,0.9733333333333334,0.9798657718120806,0.9736842105263158,0.9866666666666667,0.9801324503311258,0.9799991110716032,0.9969333333333333,146,4,2,148
width,w16,16,2,relu,adam,0.01,64,0.0,0.0,200,0.2,,0.0,True,354,0.00135040283203125,1.800858800066635,9.004294000333175,0.19140625,477.50390625,547.22265625,-1.0,16,cpu,0.07646454069349501,0.9677777777777777,0.08562418818473816,0.9766666889190674,0.9766666889190674,69,0.05586923658847809,0.9900000095367432,0.07471060752868652,0.9722222089767456,-0.01777780055999756,0.99,0.99,0.9867549668874173,0.9933333333333333,0.9900332225913622,0.9932885906040269,0.9866666666666667,0.9899665551839465,0.9899998888876543,0.9963111111111109,149,1,2,148
width,w64 (base),64,2,relu,adam,0.01,64,0.0,0.0,200,0.2,,0.0,True,4482,0.01709747314453125,2.0639269000384957,10.319634500192478,0.87890625,478.390625,547.22265625,-1.0,16,cpu,0.06675604363282521,0.9711111111111111,0.08377529680728912,0.9633333086967468,0.9733333587646484,158,0.07687553763389587,0.9833333492279053,0.06388404220342636,0.9722222089767456,-0.011111140251159668,0.9833333333333333,0.9833333333333334,0.9865771812080537,0.98,0.9832775919732442,0.9801324503311258,0.9866666666666667,0.9833887043189369,0.9833331481460905,0.9954666666666666,147,3,2,148
width,w256,256,2,relu,adam,0.01,64,0.0,0.0,200,0.2,,0.0,True,67074,0.25586700439453125,3.532613700022921,17.663068500114605,5.6484375,484.05078125,547.22265625,-1.0,16,cpu,0.12134187989764743,0.9644444444444444,0.11636987328529358,0.9633333086967468,0.9833333492279053,139,0.08100438117980957,0.9766666889190674,0.06326521188020706,0.9755555391311646,-0.001111149787902832,0.9766666666666667,0.9766666666666667,0.9863945578231292,0.9666666666666667,0.9764309764309764,0.9673202614379085,0.9866666666666667,0.976897689768977,0.9766643330999767,0.996,145,5,2,148
