name,mode,peak_rss_mb,rss_overhead_vs_import_mb,ms_per_epoch,params,param_size_mb,train_time_s,test_acc
import only (no training),import_only,296.6171875,0.0,,,,,
w16,train,370.296875,73.6796875,10.186932999640703,354,0.00135040283203125,2.0373865999281406,0.9900000095367432
w64 (base),train,371.55859375,74.94140625,9.08242000034079,4482,0.01709747314453125,1.816484000068158,0.9833333492279053
w256,train,377.44140625,80.82421875,25.73999800020829,67074,0.25586700439453125,5.147999600041658,0.9766666889190674
d1,train,371.3359375,74.71875,7.752639499958605,322,0.00122833251953125,1.550527899991721,0.9800000190734863
d4,train,371.5859375,74.96875,18.43917650054209,12802,0.04883575439453125,3.687835300108418,0.9800000190734863
bs16,train,371.04296875,74.42578125,35.96266750013456,4482,0.01709747314453125,7.1925335000269115,0.9766666889190674
bs256,train,371.73046875,75.11328125,2.6502599997911602,4482,0.01709747314453125,0.530051999958232,0.9766666889190674
bs900 (full),train,372.390625,75.7734375,0.9951160009950398,4482,0.01709747314453125,0.199023200199008,0.9833333492279053
